key,en_GB,de
start_button,Start,Start
settings_button,Settings,Einstellungen
quit_button,Quit,Beenden
song_list_title,Select a Song,Wähle einen Song
difficulty_easy,Easy,Einfach
difficulty_medium,Medium,Mittel
difficulty_hard,Hard,Schwer
language,Language,Sprache
song_title,Song Title,Song Titel
difficulty,Difficulty,Schwierigkeit
input_device_label,Input Device,Eingabegerät
midi_device,MIDI Drum kit,MIDI Schlagzeug
keyboard_device,Keyboard,Tastatur
touch_device,Touch screen,Touch screen
diy_device,DIY Drum kit,DIY Schlagzeug
score,Score,Punktzahl
resume_button,Resume,Fortsetzen
fullscreen,Fullscreen,Vollbild
edit,Edit,Bearbeiten
found_timestamps,Found Timestamps,Gefundende Zeitstempel
normal,Normal Mode,Normaler Modus
editor,Song Editor,Song Editor
song_audio,Song Audio, Song Audio
title, Title, Titel
audio_file, Audio File, Audio Datei
audio_file_path,e.g. res://data/songs/song.mp3,z.B. res://data/songs/song.mp3
create_new,Create New,Neu Erstellen
timestamps,Timestamps,Zeitstempel
add,Add,Hinzufügen
record,Record,Aufnehmen
save,Save,Speichern
quit_without_save,Quit,Schließen
save_and_quit,Save & Quit,Speichern & Schließen
error,Error,Fehler
overwrite_timestamps,Overwrite Timestamps,Zeitstempel Überschreiben